airline_name_norm,fleet_size
21 air,2
247 aviation,4
2excel aviation,24
30 west jets,1
4airways,3
748 air services,7
7air cargo,3
9 air,27
abakan air,5
abu dhabi aviation,14
abx air,11
acass ireland,2
advanced air,23
advanced flight training,5
aegean airlines,68
aegean executive,2
aer lingus,80
aercaribe cargo,4
aero,12
aero asahi,39
aero charter,13
aero charter and transport,2
aero clube de coimbra,1
aero coatl mexicano,1
aero dili,2
aero k,7
aero mongolia,5
aero nomad,2
aero sotravia,5
aero tak,1
aero ways,6
aerobeta flight training,12
aeroclub barcelonasabadell,14
aerodienst,5
aerodynamics academy,17
aeroflot,169
aeroguard flight training center,113
aeroitalia,13
aerolineas argentinas,84
aerolineas ejecutivas,26
aerolineas sosa,4
aerologic,14
aeromas,2
aeromexico,125
aeromexico connect,36
aeronaves tsm,97
aeropapa,1
aeropartner,9
aeropyrenees,13
aeroregional,4
aerosafin,3
aeroservicios de la costa,8
aerostan,3
aerosucre,7
aerotec,13
aerotech services,4
aerotours,3
aerotranscargo,3
aeroturpial,2
aerovias dap,11
aerovis airlines,1
aeroways,11
aerowest,13
aerus,7
africa airlines,2
africa charter airline,6
africa world airlines,8
african express airways,2
afrijet,5
afriqiyah airways,9
aims community college aviation,18
air 1st aviation,2
air adelphi,5
air albania,1
air algerie,56
air alliance,8
air alsie,4
air antilles,5
air arabia,77
air astana,34
air astra,4
air atlanta icelandic,1
air austral,7
air baltic,50
air bohemia,4
air borealis,9
air botswana,6
air burkina,3
air busan,21
air cairo,37
air caledonie,4
air cambodia,6
air canada,319
air canada rouge,37
air caraibes,13
air care alliance,8
air cargo carriers,30
air central,15
air century,7
air changan,14
air charter scotland,10
air charter scotland europe,1
air charters europe,4
air chathams,16
air china,507
air china cargo,25
air china inner mongolia,9
air class,4
air corporate,14
air corsica,13
air cote divoire,12
air creebec,21
air do,13
air dolomiti,26
air dream college,10
air eagle,1
air europa,58
air excel,1
air falcon,1
air flamenco,13
air france,279
air greenland,23
air guilin,9
air horizont,6
air incheon,6
air india,191
air india express,114
air inuit,36
air japan,2
air key west,3
air kiribati,10
air koryo,18
air liaison,26
air libya,16
air loyaute,5
air macau,44
air manas,2
air mauritius,24
air mediterranean,4
air methods,23
air moana,6
air montenegro,6
air mountain,2
air new zealand,226
air niugini,58
air north,22
air nunavut,30
air ocean maroc,6
air panama,10
air peace,44
air premia,16
air rarotonga,6
air safaris,6
air saintpierre,1
air samarkand,6
air senegal,18
air seoul,12
air seychelles,14
air spray,46
air sunshine,8
air tahiti,24
air tahiti nui,8
air tanzania,34
air taxi charter international,1
air tetiaroa,7
air thanlwin,8
air tindi,14
air transat,86
air transport europe,10
air transport international,20
air travel,32
air txt,1
air urga,8
air vanuatu,6
air volta,4
air wisconsin,6
air zimbabwe,4
air1air,2
air65 aviation,1
airact,4
airasia,452
airasia x,50
airblue,24
airborne imaging,4
airbus,1778
airbus transport international,22
aircalin,12
aircharters worldwide,2
aircraft management group,15
airest,12
airexplore,16
airfast indonesia,20
airglaciers,24
airgo private airline,3
airhaifa,3
airhub airlines,2
airjet,2
airkenya express,5
airlec air espace,16
airlift,10
airlink,161
airmaster,2
airnet,40
airnorth,26
airone,1
airpac airlines,16
airquest aviation,2
airserbia,58
airsf flight services,9
airshare,140
airsial,14
airsmart,16
airsprint,80
airstar charter,3
airstream,4
airswift,10
airtanker,4
airtask,3
airtaxi europe,4
airtraffic,4
airwork,10
airx,38
ais airlines,14
aitheras aviation group,9
ajet,90
akasa air,60
aladdin jet,1
alaman air,2
alante air charter,5
alaska airlines,664
alaska central express,38
albastar,10
albatros airlines,1
albinati aeronautics,2
albinati aviation,2
alexandria airlines,1
alfa airlines,2
alhaya aviation,1
alidaunia,9
aliserio,22
alk airlines,1
alkan air,42
all nippon airways,494
allegiant air,262
alliance air,44
alliance airlines,90
alliance executive jets,4
allied air,4
almasria universal airlines,16
aloha air cargo,18
alpavia,2
alpha aviation,42
alpha three aviation,1
alphaland aviation,2
alphasky,3
alpine air express,152
alpine flightservice,4
alrosa,10
altagna,2
altair airlines,1
altius aviation,4
amakusa airlines,1
amc airlines,6
amc aviation,34
amelia,40
american air charter,8
american airlines,3196
american jet,6
american jet international,20
ameriflight,264
amerijet international,24
ameristar,12
anap jets,7
andes lineas aereas,8
angara airlines,4
anguilla air services,12
animawings,4
antonov airlines,14
apg airlines,2
arab wings,5
arajet,20
arc en ciel,4
arcus air,18
argentina air force,61
ariana afghan airlines,12
arik air,18
arirang aviation,2
arkhangelsk airlines,3
arkia israeli airlines,12
arm aviacion,7
armenia airways,6
arrow aviation,4
aruba airlines,2
ascend airways,8
asg business aviation,7
asia cargo airlines,2
asia pacific airlines,10
asia union airlines,2
asian express airlines,1
asian express general aviation wuxi,4
asiana airlines,164
asky airlines,34
asl airlines,156
asman airlines,1
aspen helicopters,15
asta linhas aereas,3
astonfly,17
astonjet,16
astral aviation,12
ata airlines,32
ati jet,21
atlanta air charter,3
atlantic airways,12
atlantic flight training academy,19
atlas air,137
atlas air service,20
atm information service japan,4
atmospherica aviation,6
atp flight school,4
atr,71
atran,6
atsa airlines,9
auckland rescue helicopter,4
auric air,25
aurigny air services,14
aurora,38
aurora flight sciences,4
australia customs,1
australia federal police,1
australia royal australian air force,322
austria air force,10
austrian airlines,136
av8jet,4
ava airlines,4
avalair aircraft management,22
avanti air,4
avcenter,5
avcon jet,22
avelo airlines,38
avia traffic,12
aviacon zitotrans,10
avianca,151
avianca cargo,8
aviaservice,5
aviastar,1
aviastartu,16
aviation adventures,54
aviation advisor,32
aviation defense service,5
aviation horizons,5
aviation services management,2
aviator college,54
aviator zone academy,16
aviators5,2
aviatsa,1
avincis,206
avion express,20
avionco,1
avionord,7
avior airlines,12
aviostart,3
awa,15
awesome cargo,3
axio,6
axis aviation,7
ayit aviation,3
azerbaijan airlines,33
azimuth,40
azman air,10
azores airlines,20
aztec airways,26
azul,418
azul conecta,1
azur air,40
azure aviation,2
baa training,7
babcock,102
baden aircraft operations,1
badr airlines,16
bae systems,3
bahamasair,20
bahrain royal flight,8
bairline,6
baker aviation,42
bamboo airways,12
bangkok airways,52
bankair,5
bar xh air,2
bartolini air,31
bassaka air,4
batik air,208
bbn airlines,6
bbn airlines indonesia,10
beijing airlines,7
bel air aviation,6
belavia,28
belgium air force,60
belgium navy,3
bell helicopter,91
bellair,10
bemidji aviation,86
benin airlines,2
beond,4
bering air,80
berjaya air,2
bermudair,8
berniq airways,14
berry aviation,40
best jets international,2
bestfly aruba,24
bh air,2
bhutan airlines,2
big bend community college aviation,35
bighorn airways,24
biman bangladesh airlines,42
binair,8
binter canarias,88
bioflight,24
birdbase aviation,2
blessings aviation charter,8
blue dart aviation,10
blue islands,10
blue square aviation,1
bluebird airways,8
bluebird aviation,7
bluesky airways,3
boeing,668
boliviana de aviacion,52
bookajet,1
boutique air,28
bra,34
braspress air cargo,2
bravo airways,4
brazil air force,504
brazil army,5
brazil navy,6
breeze airways,108
bridger aerospace,17
brilliant jet,1
bristow helicopters,226
bristow nigeria,6
british airways,610
british international helicopters,5
bromma air maintenance,4
brussels airlines,96
budapest aircraft service,3
buddha air,38
buffalo airways,114
buffalo river aviation,3
bul air,16
bulgaria air,28
bulgaria air force,21
bulgaria government,1
buraq air,10
business aviation asia,7
business wings,8
buzz,24
bysky,3
caa,10
cabo verde airlines,4
cae,236
cae aviation,2
caicos express airways,16
calm air,12
calstar,28
camairco,10
cambodia airways,12
camex airlines,6
canada coast guard,26
canada department of transport,37
canada ontario ministry of natural resources,25
canada royal canadian air force,314
canada royal canadian mounted police,1
canada saskatchewan air ambulance service,4
canadian airways congo,3
canadian north,66
canaryfly,12
canavia,12
canlink aviation,59
canwest air,38
cape air,103
capital air ambulance,4
capital airlines,176
capital city air carriers,3
cardig air,2
careflight,32
cargo air,22
cargojet airways,80
cargolux,60
caribbean airlines,40
carpatair,6
carson air,44
caspian airlines,22
castle aviation,40
cathay pacific,358
catreus,5
cavok air,10
cayman airways,18
cb skyshare,10
cebu pacific,184
ceiba intercontinental,6
cemair,42
central air southwest,27
central airlines,18
central mountain air,27
centreline,10
chabahar airlines,6
chair airlines,8
chalair aviation,22
challenge airlines be,20
charter airlines,9
charter jets,8
chartright air,42
chc helicopter,182
chengdu airlines,164
chevron usa,11
chicago jet group,4
china air force,16
china airlines,170
china cargo airlines,34
china civil aviation administration,20
china eastern airlines,1342
china express airlines,156
china flight general aviation company,2
china postal airlines,78
china southern airlines,1362
china southern airlines general aviation,6
china southern cargo,22
china united airlines,59
chodang university,13
chongqing airlines,72
chrono aviation,20
chrono jet,6
citic offshore helicopter,62
citilink,118
cityjet,16
civil air patrol,1318
civil aviation flight university of china,78
class aviation,1
clay lacy aviation,1
clic,40
clipperjet,1
cm airlines,1
cma cgm air cargo,10
coastal aviation,18
colombia air force,124
colorful guizhou airlines,40
colorful yunnan airlines,1
comlux,12
commuteair,2
compagnia aeronautica italiana,1
compass air cargo,14
conair,75
condor,70
conocophillips,6
conquest air,4
constanta airline,2
contour aviation,88
conviasa,48
copa airlines,212
copenhagen airtaxi,12
corendon airlines,64
corporate air,1
corporate jet,2
corsair,20
costa rica green airways,10
costa rica ministry of public security,10
coulson aviation,15
cranfield flight training,5
croatia air force,19
croatia airlines,32
cronos airlines,4
cronos airlines benin,1
cross aviation,3
crown airlines,1
crystal air,6
ctp aviation,6
cubana,18
cygnus air,10
cyprus airways,12
czechia air force,42
daallo airlines,8
dalian airlines,26
dan air,6
dana air,14
das private jets,10
dassault falcon service,8
dat,46
db aviation,4
de havilland canada,23
dea aviation,3
deer jet,30
deer jet beijing,7
delta air lines,2606
delta state university aviation,28
desert jet,3
dexter air taxi,5
dhl air,462
diamond sky,5
digajet,4
direct2,1
discover airlines,60
divi divi air,10
dokia air,1
donghai airlines,48
dornier aviation nigeria aiep,4
dragonfly executive,4
draken europe,29
dreamline aviation,22
drf luftrettung,108
druk air,14
eads casa,41
eagle air iceland,6
eagle creek aviation,4
eaglemed,17
eas barcelona,17
east coast flight services,2
east coast jets,5
east wing,2
eastar jet,15
eastern air express,23
eastern airlines,4
eastern airways,38
easy charter,1
easyjet,716
eatis,2
eaviation,8
ec charter,3
ecargo airlines,1
ecojet,8
ecuador air force,22
edelweiss air,42
egt jet,6
egypt air force,56
egyptair,134
egyptair cargo,10
eis aircraft,12
ejm europe,18
el al,90
elan express,1
elangeni,6
electra airways,14
elemental aviation,2
elifriulia,17
elilombarda,5
elin group,1
eliossola,6
elitaliana,12
elite air,26
elitellina,5
elvetia aviation,1
embraer,298
embryriddle aeronautical university,244
emirates,538
emirates flight training academy,30
emperor aviation,8
empire aviation,6
enac ecole aviation civile,180
encore air cargo,15
eng aviation,3
enter air,70
epic flight academy,49
epsilon aviation,4
era helicopters,59
es air,12
estafeta carga aerea,12
estelar,8
estonia air force,4
eswatini air,2
etf airways,1
ethiopian airlines,286
etihad airways,206
euro link,8
euroasia air,5
euroatlantic airways,10
euroavia airlines,1
eurocopter deutschland,252
european air charter,12
european aircraft private club,10
european cargo,18
european flight academy,48
european flight service,8
european flyers,14
eurowings,248
eva air,180
everett aviation,3
everts air alaska,64
ewa air,4
excelaire,1
excellent air,24
exclusive aviation,1
execuflight,1
execujet middle east,4
executive airlink,1
executive aviation corporation,4
executive aviation services,2
executive fliteways,12
executive jet charter,1
executive jet management,152
express air cargo,6
exxaero,4
eznis airways,2
ezy airlines,1
fai rentajet,50
fairoaks flight centre,5
falcon aviation services,22
falcon luxe,1
fanjet express,2
farmingdale state university aviation,17
fast air,11
fastjet,10
federal airlines,11
fedex,1396
fenix air charter,12
feuerwehrflugdienst niedersachsen,4
ffl flugschule,12
fiji airways,23
finistair,1
finland air force,66
finnair,160
finnhems,8
fireblade aviation,2
firefly,28
fitsair,6
flair airlines,40
fleet air international,24
flexflight,6
flexjet,618
flight calibration services,15
flight fast track,10
flight options,10
flight training europe,29
flightline,12
flightlink,8
flightpath charter airways,13
flightstar,1
flightworks,2
florida air cargo,5
florida flyers flight academy,13
florida tech college of aeronautics,47
fltplan,16
fly 7,40
fly across,16
fly alliance,15
fly allways,6
fly als,4
fly angola,2
fly away,2
fly baghdad,14
fly cham,4
fly jetkz,6
fly jinnah,12
fly khiva,3
fly oya,6
fly pro,3
fly sky airlines,4
fly tyrol,12
fly us,1
fly vaayu,2
fly2sky,11
fly4 airlines,4
fly540,3
fly91,3
flyadeal,90
flyarystan,54
flybig,8
flybondi,28
flyby,28
flycom aviation,1
flycoop air service,28
flydubai,182
flyerbil airline,2
flyexclusive,230
flygta airlines,8
flylili,6
flyme,4
flymontserrat,2
flynamibia,6
flynas,136
flyone,32
flysafair,76
flyschool,16
flywales,5
flyyo,3
fort aero,1
four corners aviation,5
fox aviation,3
france air force,32
france air forces command,12
france army,1
france navy,10
france securite civile,13
franconia air service,1
freebird airlines,34
freedom air,1
freedom airline express,11
freight runners express,30
french bee,12
frontier airlines,328
frost,4
fsh aviation,3
ftl airlines,1
fuji dream airlines,32
fuzhou airlines,32
gad flights,2
gainjet,5
galistair infinite aviation,2
gama aviation,32
garmin,8
garuda indonesia,74
gazpromavia,78
gelix airlines,4
general atomic aerotech systems,2
genex,2
genghis khan airlines,7
georgian airlines,10
georgian airways,20
georgian aviation university,1
geosky,10
german airways,18
germany air ambulance,68
germany air force,224
germany army,34
germany dlr flugbetriebe,10
germany navy,13
gesellschaft fur flugzieldarstellung,16
gestair,40
getjet airlines,32
ghadames air transport,1
glencore canada,2
global air charters,2
global air transport,3
global aviation,8
global jet luxembourg,15
global reach aviation,2
globalx,16
globeair,40
glock aviation,1
go2sky,6
gol linhas aereas,250
goldeckflug,2
goodjet,4
gouvernement du quebec,19
gp aviation,3
grafair,3
grand canyon airlines,20
grand china air,6
grant aviation,28
greater bay airlines,14
greece air force,49
greece army,1
green africa,6
greybird aviation,11
gryphon air,1
gta air,17
guardian air,3
gulf air,86
gulf wings,3
gulfstream aerospace,336
gullivair,2
gum air,9
guna airlines,14
gx airlines,42
hahn air,4
hai au aviation,5
hainan airlines,448
hainan lily jet,1
hala air,1
hanseo university flight education center,9
harco aviation,5
harmony jets,8
haute aviation,1
hawaiian airlines,130
hayways,1
hebei airlines,56
heli air monaco,1
heli air services,4
heli holland,32
heli securite,2
heli service international,20
helibravo,2
helicol,6
helidubai,5
helijet international,14
heliservicio,9
helistar,24
heliteam,6
helitrans,50
helity copter airlines,4
heliunion,7
hellojets,8
helsinki citycopter,3
helvetic airways,44
hera flight,30
heron aviation,16
heston airlines,20
hi fly,26
himalaya airlines,8
hinterland aviation,32
hisky,8
hk express,41
hokkaido air system,4
honeywell international,2
hong kong air cargo,10
hong kong airlines,56
hopajet,14
hoper,5
hoverfly,3
htm helicopter travel munich,30
hubei skyblue international aviation academy,3
hummingbird aviation,3
hungary air force,7
hungary airlines,1
hunnu air,12
hydroquebec,8
hyperion aviation,14
ias medical,7
iasco flight training,24
ibc airways,30
iberia,274
iberia express,29
iberojet,8
ibex airlines,18
ibom air,14
icar air,2
icelandair,92
icsaero,2
ifa instituto de formacao aeronautica,16
ifl group,44
ifly,12
ifly air,3
ikar,16
image air charter,1
imperialjet,1
india air force,276
indiana state university flight academy,14
indiaone air,4
indigo,816
initium aviation,4
inner mongolia northern express,1
intel air shuttle,4
intercaribbean airways,42
interjet west,1
international committee of the red cross,1
international jet,6
international jet management,22
iraero,9
iran air,32
iran airtour,34
iran aseman airlines,32
iraq gate company,5
iraqi airways,56
island aviation,2
island wings charter,2
israir airlines,16
ita airways,204
italfly,22
italy air force,206
italy army,37
italy coast guard,20
italy navy,36
ixair,4
izhavia,14
j d aviation,2
jambojet,18
japan air commuter,22
japan airlines,302
japan transocean air,38
jayawijaya dirgantara,1
jazeera airways,23
jdl airlines,10
jeju air,86
jet access,3
jet air group,3
jet aviation business jets,6
jet aviation business jets deutschland,1
jet aviation flight services,8
jet concierge club,1
jet edge,12
jet executive,8
jet fly airline,3
jet it,16
jet linx aviation,266
jet logistics,5
jet net services,2
jet out,18
jet rescue air ambulance,4
jet story,20
jet2,262
jeta,1
jetbee,8
jetblue,590
jetcall,1
jetfly aviation,43
jetica,7
jetkontor,6
jetnetherlands,20
jetnexa,1
jetology,2
jetright,20
jetset,3
jetsmart,98
jetstar,250
jetstream,18
jetstream aviation congo,1
jettime,28
jetways airlines,8
jhonlin air transport,4
jiangsu jet,1
jiangxi air,36
jiangxi express aviation,11
jin air,62
jinxiang airlines,3
jivair,2
joinjet,6
jonair,12
jonika,2
jordan air force,31
jordan aviation,14
journey aviation,8
js aviation,4
jsx,144
jump air,2
juneyao air,206
jung sky,6
kaiserair,3
kalitta air,62
kalitta charters,58
kalitta charters ii,12
kam air,22
kamaka air,20
kangala air express,1
kansas state university aviation,32
karun airlines,26
kaz air jet,7
keewatin air,6
kenai aviation,2
kenmore air,34
kenn borek air,36
kent state university college of aeronautics,37
kenya airways,70
key lime air,48
kf aerospace,12
khabavia,4
kish air,22
klasjet,13
klm,386
km malta airlines,16
kmile air,14
kn helicopters,9
kolob canyons air services,4
korea aerospace university,19
korea aviation college,8
korea national university of transportation,5
korean air,322
kr aviation,9
krasavia,38
kudlik aviation,3
kunming airlines,62
kush aviation,3
kuwait airways,62
kyungwoon university,8
l3harris airline academy,110
la compagnie,4
la costena,8
labcorp,26
lahak aviation,1
lam,6
lanexang,2
lanexang airways international,2
lao airlines,24
lao skyway,8
las cargo,8
laser airlines,16
latam airlines,660
latam cargo,38
latitude air ambulance,4
latvia air force,3
lauda europe,52
leav aviation,4
legacy airways,1
legend airlines,6
legends airways,7
letourneau university aviation,22
level,7
leviate air group,7
liat 20,4
liberty jet management,1
libya air force,1
libyan airlines,10
libyan express,4
libyan wings,8
liebherr aerospace,6
life line aviation,4
lifeflight australia,21
lift,2
lift academy,80
lion air,166
lipican aer,3
liz aviation,1
lj aviation,14
loganair,84
lone star communications,1
longjiang airlines,18
longtail aviation,2
loong air,148
lot,168
lucky air,106
lufthansa,616
lufthansa cargo,32
lufthansa city,11
lufttransport,6
lukoilavia,5
luminair,3
lumiwings,4
lunds university school of aviation,9
luxair,42
luxaviation,82
luxembourg air ambulance,7
luxwing,30
lydd air,2
lynden air cargo,13
mack air,22
madagascar airlines,5
mae aircraft management,1
maersk air cargo,44
magnicharters,6
mahan air,70
mak kg airlines,4
makers air,16
malawi airlines,6
malaysia air force,14
malaysia airlines,176
maldivian,22
malethaero,4
mali air,5
malta air,12
malta medair,1
manasik aviation,2
mandarin airlines,26
mango,1
mann yadanarpon airlines,6
manta air,46
map linhas aereas,2
marabu,20
marathon airlines,4
marshall university aviation,12
martinair,2
martinaire,25
martins famous pastry shoppe,4
mas,8
massey university school of aviation,14
maswings,28
mauritania airlines,10
mavi gok airlines,26
max air,16
max aviation,13
maxair,9
maximus airlines,2
maya island air,7
mcdan aviation,2
mcneely charter services,5
mea,46
medavia,3
medsky airways,2
medtrans,13
memorial hermann life flight,8
meraj airlines,16
meregrass,5
meridian,3
meridian air company,5
mermozacademy,4
mesa airlines,12
mexicana,8
mexico air force,93
mexico navy,50
mhs aviation,12
miat mongolian airlines,20
midamerica jet,5
middle georgia state university school of aviation,62
middle tennessee state university aerospace,56
midwest aviation,20
midwest aviation division,14
millesime aviation,4
mingalar,8
mjets air,6
mng airlines,24
moalem aviation,3
mocambique expresso,4
modern logistics,3
monacair,6
mongolian airways,2
motor sich airlines,18
mountain aviation,38
mountain flyers,9
mounthill aviation,2
mpc air,3
multiflight,4
my freighter,18
my indo airlines,20
my jet,7
myanmar airways international,20
myanmar national airlines,20
myway airlines,2
nac charter,1
naljets,4
nam air,32
nanshan flying,10
nanshan jet,2
national airways corporation,8
national jet express,40
national jets,1
nato,52
nauru airlines,14
neajets,14
neojets,1
neos,36
nepal airlines,10
nesma airlines,16
netherlands coast guard,7
netherlands navy,8
netherlands royal air force,132
netjets,1618
new england airlines,16
new pacific airlines,16
new way cargo airlines,4
new zealand royal new zealand air force,42
nexgen aviation,4
nextgen flight solutions,1
ng eagle,4
nhc northern helicopter,30
nigeria air force,10
nile air,10
nippon cargo airlines,16
nok air,22
nolinor aviation,22
nomad aviation,1
noordzee helikopters vlaanderen,38
nordic unmanned,9
nordjet airlines,1
nordstar,18
nordwind airlines,54
norlandair,7
norse,22
norsk luftambulanse,26
nortavia,20
north cariboo air,36
north central aviation,2
north country aviation,3
north flying,16
north star aviation,48
northern air,5
northern air cargo,18
northern air fiji,2
northern jet management,50
northern thunderbird air,4
northway aviation,9
northwest air company,16
northwest flyers,3
northwestern air,24
northwestern cargo international airlines,4
northwright airways,18
norway air force,25
norwegian,182
nouvelair,30
novair,1
novajet,5
novoair,10
nyxair,16
offshore helicopter services,54
ohio state university aviation,23
ok aviation,34
okay airways,44
oklahoma state university aviation,35
olympic air,17
olympus airways,2
oman air,64
oman royal air force,54
omni air transport,22
omni aviation training center,11
omni executive aviation,2
omni taxi aereo,162
one air,18
oriental air bridge,2
origin air,4
ornge air,40
ortac,8
osm aviation academy,28
overland airways,6
oyonnair,24
pacc air,30
pacific coast jet,32
pacific coastal airlines,44
padaviation,4
pakistan international airlines,50
pal aerospace,3
pal airlines,25
pan europeenne,4
pan europeenne air service,6
panaviatic,4
panellenic airlines,3
panorama aviation,18
paradox jets,4
paranair,8
parata air,5
parkland college institute of aviation,21
pars air,6
pascan aviation,42
passionair,5
patria pilot training,12
pattaya airways,2
pdg aviation services,20
peach,72
pegasus,252
pegasus elite aviation,16
pelita air,44
penavia,2
peoples,2
performance air,8
perimeter aviation,15
peru air force,26
peru navy,4
petro air,6
petroleum air services,16
petropavlovskkamchatsky air,7
phi,151
philippine airlines,160
phoenix air,44
phoenix aviation,4
phoenix east aviation,65
pilatus flugzeugwerke,374
pilot flight academy,34
pineapple air,6
pivot airlines,6
pixair survey,5
planemaster services,11
planesense,138
platoon aviation,16
play,14
plus ultra,12
png air,26
pobeda,84
poland air force,118
poland navy,4
polar airlines,2
polish medical air rescue,68
populair,22
porsche air service,1
porter,150
portugal air force,2
poste air cargo,14
pouya air,10
pradhaan air express,1
precision air,14
precision aircraft management,13
premier airlines,3
premier flight center,7
premium jet,2
presidential aviation,12
prestige air group,4
priester aviation,20
prime aviation,4
prince aviation,4
princely jets,1
priority air charter,4
privair,2
privaira,6
private air,5
private jet center,11
private jets,15
private wings,20
privilege style,10
proair aviation,14
proairways,2
proflight zambia,22
propair,13
purdue university school of aviation,26
qa aviation,4
qanot sharq,10
qantas,266
qantaslink,220
qatar airways,526
qatar executive,48
qazaq air,10
qeshm airlines,32
qinetiq empire test pilots school,16
qingdao airlines,76
qingdao jiutian international flight academy,4
quality fly,11
quanta aviation services,4
quest diagnostics,52
quick air jet charter,12
quikjet cargo airlines,1
rafavia,8
raimon airways,2
rainier flight service,13
rano air,5
ravenair,35
raya airways,14
rcs services,11
reach air medical services,36
real tonga airline,1
rectimo air transports,13
red air,4
red rock flight school,5
red sea airlines,4
red wing aviation,8
red wings,64
redding aero enterprises,16
redstar aviation,15
reeve air alaska,1
rega swiss airambulance,3
rega swiss airrescue,23
regency air,6
reliant air,14
renegade air,9
rennia aviation,7
republic airways,2
reva air ambulance,1
revv aviation,7
rex regional express,74
reynolds jet management,1
rgablack stone airlines,2
richland aviation,6
richmor aviation,4
rimbun air,12
riseair,60
riyadh air,1
romania air force,41
roraima airways,3
rossiya,258
rotana jet,4
royal air freight,74
royal air maroc,112
royal brunei airlines,24
royal jet,1
royal jordanian,40
royal star aviation,3
royalair philippines,4
rs avia,1
rubystar,3
ruili airlines,50
rusjet,16
rusline,16
russia 223rd flight unit state airline,10
russia 224th flight unit state airline,6
russia air force,84
russia ministry of emergency situations mchs,44
russia national guard,9
russia special flight squadron,120
rutaca airlines,14
rvl aviation,20
rwandair,26
rwl german flight academy,20
ryan air usa,46
ryanair,1162
s7 airlines,210
sa red cross air mercy service,8
saab aircraft,19
saf helicopteres,41
safarilink aviation,13
saha airlines,4
sahel aviation service,4
saint louis university flight school,15
salamair,28
salzburg jet aviation,14
samaritans purse,18
samoa airways,4
san carlos flight school,21
san marino executive aviation,1
sansa,24
sapsan airline,6
sardinian sky service,3
sas,268
sasca airlines,1
sata air acores,14
satena,44
saturn aviation,2
saudi arabia air force,202
saudia,328
saurya airlines,2
sawyer aviation,8
saxonair,15
sc aviation,4
scanwings,20
scat,56
scoot,112
sd aviation,8
seaborne,2
seair international,2
searca,24
secure air charter,12
security aviation,3
selectjet,3
senor air,3
sepehran airlines,26
serbia air force,6
serene air,12
servicios aereos ilsa,1
servicios aereos milenio,4
sevenair,80
sevenbar aviation,1
severstal aircompany,16
sf airlines,178
shandong airlines,278
shandong dagao international flight academy,1
shanghai airlines,88
shenzhen airlines,406
shirak avia,3
shoreline aviation,4
shree airlines,18
siam general aviation,1
sichuan airlines,412
sideral linhas aereas,17
sierra charlie aviation,18
sierra pacific airlines,2
sierra west airlines,22
silesia air,8
silk way airlines,10
silk way west airlines,24
silkavia,10
silver air,39
silver cloud air,10
silverhawk aviation,50
singapore air force,38
singapore airlines,308
sino jet beijing,1
sirio,6
sirius aero,1
sks airways,1
sky airline,72
sky angkor airlines,6
sky bus,4
sky express,58
sky gates airlines,3
sky helicopteros,14
sky kg airlines,2
sky mali,1
sky prime aviation,5
sky quest,38
sky vision airlines,6
skyalps,20
skyborne airline academy,66
skybus,16
skycare,36
skyguard,1
skyhigh dominicana,2
skyjet,1
skyjet airlines,4
skyjet aviation services,2
skylight,8
skyline airlines,1
skyline express,7
skyline transportation,1
skylink express,30
skymark airlines,58
skymark executive,2
skyservice business aviation,2
skyside,12
skytraders,1
skytrans,34
skyup airlines,28
skyward airlines,11
skyway enterprises,3
skywest airlines,172
skywest charter,16
slam lavori aerei,1
slate aviation,11
slate falls airways,3
sloane helicopters,12
slovakia air force,18
slovakia government,1
small fly,4
smart aviation,6
smart jet,10
smart jet international,1
smartavia,13
smartline,2
smartlynx,72
smartlynx estonia,2
smartwings,98
solairus aviation,44
solar cargo,1
solaris aero,4
solaseed air,28
solenta aviation,13
solinair,2
solitair,4
solomon airlines,6
somon air,14
soulbird,10
sounds air,18
south africa air force,13
south african airways,36
southern air charter,2
southern airways express,92
southern illinois university school of aviation,38
southwest aircraft charter,2
southwest airlines,1632
southwind airlines,26
spacebee airlines,2
spain air force,102
spain army,26
spain coast guard,18
spain guardia civil,20
sparfell,6
spartan college of aeronautics and technology,71
specialist aviation services,13
specsavers aviation,3
spicejet,88
spirit airlines,392
spiritjets,12
spot jet services,1
spree flug,3
spring airlines,268
spring city aviation,6
spring japan,12
sprintair,38
srilankan airlines,46
sriwijaya air,8
st barth commuter,12
st barth executive,14
stajets,9
star air,20
star air cargo,9
star aviation,4
star east airlines,3
star jet,1
star peru,10
star wings,6
star work sky,8
starflyer,22
starlink aviation,10
starlite aviation,11
starlux,56
stellaer 212,2
sterling aviation,4
su airlines,1
suburban air freight,16
sudan airways,4
summit air,42
summit aviation,36
sun air bulgaria,1
sun country airlines,92
sunair,18
sunclass airlines,24
sundair,10
sundt air,5
sunexpress,174
sunkar air,2
sunlight air,6
sunrise airways,6
sunwest aviation,42
suparna airlines,24
super air jet,122
superior air charter,6
supernova airlines,2
surf air,16
surinam airways,4
susi air,21
suzhou aviation,2
svensk luftambulans,6
svenskt ambulansflyg,12
svg air,5
sweden air force,132
sweden police,1
sweden swedish maritime administration,14
swift copters,12
swiftair,58
swiftair hellas,6
swiss,94
swiss helicopter,31
swiss private jet,6
switzerland air force,1
sxm airways,4
sybajet san marino,2
sylt air,18
syrian air,32
taag angola airlines,44
tab cargo,2
taban airlines,10
tae avia,3
taespejo portugal,2
tagairlines,4
taiga air,6
tailwind airlines,10
talon air,9
tanana air service,1
tap air portugal,200
tar aerolineas,10
tar mexico,1
tarco air,22
tarom,14
tarp aviation,6
tashkent air,1
tassili airlines,46
tatrajet,1
tbilisi airways,1
team global express,14
terra avia,8
texel air,8
tez jet airlines,6
thai airways,170
thai lion air,58
thalair,3
the kings helicopter flight,2
the little jet company,10
thrive,34
thrust flight,82
thunder airlines,13
tianjin air cargo,5
tianjin airlines,182
tibet airlines,94
tigerair taiwan,34
time air,18
titan airways,14
toki air,13
toos airlines,5
topflight aeroservices,2
total express,1
total linhas aereas,8
toyo aviation,8
trade air,10
tradewind aviation,70
trans air congo,8
trans guyana airways,26
trans island airways,4
trans maldivian airways,122
transair,14
transavia,284
transaviabaltika,4
transcarga international airways,1
transnusa,20
transporte aereo de colombia,1
transportes aereos pegaso,19
transwing,1
travel management company,2
travira air,28
trident aircraft,16
trigana air,9
tropic air,17
tropic ocean airways,1
tui fly,252
tulpar air,8
tulpar aircompany,10
tunisair,42
tunisia air force,8
turkey air force,36
turkish airlines,766
turkmenistan airlines,38
turkmenistan government,4
turpial airlines,6
tus air,6
tway air,86
twin jet,26
tyrol air ambulance,10
tyrolean jet services,10
uganda airlines,14
ukraine air alliance,6
ukraine international airlines,12
ukraine state air traffic service,2
uls airlines cargo,8
ultimate jet,16
umzaxpress,2
und aerospace,154
uni air,28
unicair,32
unifly,4
unifly heliworx,2
union aviation,20
united airlines,2981
united arab emirates air force,61
united aviate academy,50
united eagle,2
united kingdom air ambulance,50
united kingdom army air corps,151
united kingdom coast guard,3
united kingdom national police air service,5
united kingdom royal air force,774
united kingdom royal air force air transport,116
united kingdom royal navy,107
united kingdom uk royalvip flights,3
united nations,80
united nigeria airlines,4
united states air force,7570
united states california department of forestry,75
united states coast guard,231
united states department of justice,6
united states department of state,16
united states florida forest service,38
united states maryland state police,11
united states nasa,118
united states north carolina forest service,23
united states south carolina aeronautics comm,3
united states tennessee valley authority,2
united states us department of interior,39
united states us forest service,21
united states us immigration and customs enforcement,229
universal air,8
university of central missouri aviation,19
university of oklahoma school of aviation,33
uniworld air cargo,4
ups,572
ur airlines,10
ural airlines,104
urumqi air,32
usa jet airlines,36
usbangla airlines,40
usc,2
utair,128
uvt aero,16
uzbekistan airways,48
valair,6
valljet,40
valuejet,6
van air europe,2
varesh airlines,16
vasco,8
venezolana,8
ventura,40
venture aviation group,10
venture west aviation,15
verijet,20
veterans airlift command,1
via air,6
victory air,10
vieques air link,26
vietjet air,214
vietnam airlines,184
vietravel airlines,4
virgin atlantic,90
virgin australia,212
vista america,150
vistajet,282
viva,88
voepass,10
volare aviation,10
volaris,296
volato,22
volgadnepr airlines,30
volotea,84
voluxis,6
voyageur airways,60
vueling,282
vw air service,4
wamos air,18
warbelows air ventures,12
wasaya airways,34
wejet,1
weltall avia,6
wermlandsflyg,4
west air,90
west atlantic,22
west coast charters,34
west link airlines,1
westair aviation,14
western air,16
western air express,6
western aircraft,10
western global airlines,40
western michigan university college of aviation,72
westjet,384
wheels up,286
white,6
wideroe,100
wiggins airways,22
wiking helikopter service,2
winair,16
windrose air jetcharter,4
windrose airlines,32
wing aviation,20
wingo,18
wings air,104
wizz air,480
woodgate aviation,4
world atlantic airlines,16
world cargo airlines,3
world2fly,14
worldwide jet charter,6
wright air service,18
xcel jet,5
xe jet,2
xead aviation,1
xena,2
xiamen air,354
xinjiang general aviation,3
xinjiang skylink general aviation,1
xo,40
yakutia airlines,22
yamal airlines,50
yanair,6
yazd airways,5
yellow wings air services,4
yemenia,8
yeti airlines,14
yto cargo airlines,26
z air,10
zafer air,2
zagros airlines,28
zambia airways,2
zenflight,12
zenith aviation,8
zetavia,2
zeusch aviation,7
zil air,1
zimex aviation,36
zipair,16
zondajet,2
zooom,4
zorte air,1
zyb lily jet,12
