companies_name,linkedin_url
21 Air,
247 Aviation,
2Excel Aviation,
30 West Jets,
4Airways,
748 Air Services,
748 Air Services,
7Air Cargo,
9 Air,
Abakan Air,
Abu Dhabi Aviation,
ABX Air,
ACASS Ireland,
Advanced Air,
Advanced Flight Training,
Aegean Airlines,
Aegean Executive,
Aer Lingus,
AerCaribe Cargo,
Aero,
Aero,
Aero Asahi,
Aero Charter,
Aero Charter and Transport,
Aero Clube de Coimbra,
Aero Coatl Mexicano,
Aero Dili,
Aero K,
Aero Mongolia,
Aero Nomad,
Aero Sotravia,
Aero Tak,
Aero Ways,
Aero-Beta Flight Training,
Aero-Dienst,
Aero-Tech Services,
Aeroclub Barcelona-Sabadell,
Aerodynamics Academy,
Aeroflot,
AeroGuard Flight Training Center,
Aeroitalia,
Aerolineas Argentinas,
